location,location_id
010101,0
010102,1
010103,2
010104,3
010105,4
010106,5
010107,6
010108,7
010109,8
010110,9
010111,10
010112,11
010201,12
010202,13
010203,14
010204,15
010205,16
010206,17
010207,18
010208,19
010209,20
010211,21
010213,22
010215,23
010217,24
010219,25
010221,26
010223,27
010224,28
010225,29
010226,30
010227,31
010301,32
010302,33
010303,34
010304,35
010305,36
010306,37
010307,38
010308,39
010309,40
010310,41
010311,42
010312,43
010401,44
010402,45
010403,46
010404,47
010405,48
010406,49
010407,50
010408,51
010409,52
010410,53
010411,54
010412,55
010413,56
010415,57
010417,58
010419,59
010421,60
010423,61
010424,62
010425,63
010426,64
010427,65
010501,66
010502,67
010503,68
010504,69
010505,70
010506,71
010507,72
010508,73
010509,74
010510,75
010511,76
010512,77
010601,78
010602,79
010603,80
010604,81
010605,82
010606,83
010607,84
010608,85
010609,86
010610,87
010611,88
010612,89
010613,90
010615,91
010617,92
010619,93
010621,94
010623,95
010624,96
010625,97
010626,98
010627,99
010701,100
010702,101
010703,102
010704,103
010705,104
010706,105
010707,106
010708,107
010709,108
010710,109
010711,110
010712,111
010713,112
010801,113
010802,114
010803,115
010804,116
010805,117
010806,118
010807,119
010808,120
010809,121
010810,122
010811,123
010812,124
010813,125
010815,126
010817,127
010819,128
010821,129
010823,130
010824,131
010825,132
010826,133
010827,134
010901,135
010902,136
010903,137
010904,138
010907,139
010908,140
010909,141
010910,142
010911,143
010912,144
010913,145
011001,146
011002,147
011003,148
011004,149
011005,150
011006,151
011007,152
011008,153
011009,154
011010,155
011011,156
011012,157
011013,158
011015,159
011017,160
011019,161
011021,162
011023,163
011024,164
011025,165
011026,166
011027,167
011101,168
011102,169
011103,170
011104,171
011105,172
011106,173
011107,174
011108,175
011109,176
011110,177
011111,178
011112,179
011113,180
011114,181
011115,182
011116,183
011117,184
011118,185
011119,186
011120,187
011121,188
011122,189
011123,190
011124,191
011125,192
011126,193
011127,194
011128,195
011129,196
011130,197
011201,198
011202,199
011203,200
011204,201
011205,202
011206,203
011207,204
011208,205
011209,206
011210,207
011211,208
011212,209
011213,210
011215,211
011217,212
011219,213
011221,214
011223,215
011224,216
011225,217
011226,218
011227,219
011301,220
011302,221
011303,222
011304,223
011305,224
011306,225
011307,226
011308,227
011309,228
011310,229
011311,230
011312,231
011313,232
011314,233
011315,234
011316,235
011317,236
011318,237
011319,238
011320,239
011321,240
011322,241
011323,242
011324,243
011325,244
011326,245
011327,246
011328,247
011329,248
011330,249
011401,250
011403,251
011405,252
011407,253
011408,254
011409,255
011410,256
011411,257
011412,258
011413,259
011415,260
011417,261
011419,262
011421,263
011423,264
011424,265
011425,266
011426,267
011427,268
011501,269
011502,270
011503,271
011504,272
011505,273
011506,274
011507,275
011508,276
011509,277
011510,278
011511,279
011512,280
011513,281
011514,282
011515,283
011516,284
011517,285
011518,286
011519,287
011520,288
011521,289
011522,290
011523,291
011524,292
011525,293
011526,294
011527,295
011528,296
011529,297
011530,298
011601,299
011602,300
011603,301
011604,302
011605,303
011606,304
011607,305
011608,306
011609,307
011610,308
011611,309
011612,310
011613,311
011615,312
011617,313
011619,314
011621,315
011623,316
011624,317
011625,318
011626,319
011627,320
011701,321
011702,322
011703,323
011704,324
011705,325
011706,326
011707,327
011708,328
011709,329
011710,330
011711,331
011712,332
011713,333
011714,334
011715,335
011716,336
011717,337
011718,338
011719,339
011720,340
011721,341
011722,342
011723,343
011724,344
011725,345
011726,346
011727,347
011728,348
011729,349
011730,350
011801,351
011802,352
011803,353
011804,354
011805,355
011806,356
011807,357
011808,358
011809,359
011810,360
011811,361
011812,362
011813,363
011815,364
011817,365
011819,366
011821,367
011823,368
011824,369
011825,370
011826,371
011827,372
011901,373
011902,374
011903,375
011904,376
011905,377
011906,378
011907,379
011908,380
011909,381
011910,382
011911,383
011912,384
011913,385
011914,386
011915,387
011916,388
011917,389
011918,390
011919,391
011920,392
011921,393
011922,394
011923,395
011924,396
011925,397
011926,398
011927,399
011928,400
011929,401
011930,402
012001,403
012002,404
012003,405
012004,406
012005,407
012006,408
012007,409
012008,410
012009,411
012011,412
012013,413
012015,414
012017,415
012019,416
012021,417
012023,418
012024,419
012025,420
012026,421
012027,422
012101,423
012102,424
012103,425
012104,426
012105,427
012106,428
012107,429
012109,430
012110,431
012111,432
012112,433
012113,434
012114,435
012115,436
012116,437
012117,438
012118,439
012119,440
012120,441
012121,442
012122,443
012123,444
012124,445
012125,446
012126,447
012127,448
012128,449
012129,450
012130,451
012201,452
012202,453
012203,454
012204,455
012205,456
012206,457
012207,458
012209,459
012210,460
012211,461
012213,462
012215,463
012217,464
012219,465
012221,466
012223,467
012224,468
012225,469
012226,470
012227,471
012301,472
012302,473
012303,474
012304,475
012305,476
012306,477
012307,478
012309,479
012310,480
012311,481
012312,482
012313,483
012314,484
012315,485
012316,486
012317,487
012318,488
012319,489
012320,490
012321,491
012322,492
012323,493
012324,494
012325,495
012326,496
012327,497
012328,498
012329,499
012330,500
012401,501
012402,502
012403,503
012404,504
012405,505
012406,506
012407,507
012409,508
012411,509
012413,510
012415,511
012417,512
012419,513
012421,514
012423,515
012424,516
012425,517
012426,518
012427,519
012501,520
012502,521
012503,522
012504,523
012505,524
012506,525
012507,526
012508,527
012509,528
012510,529
012511,530
012512,531
012513,532
012514,533
012515,534
012516,535
012517,536
012518,537
012519,538
012520,539
012521,540
012522,541
012523,542
012524,543
012525,544
012526,545
012527,546
012528,547
012529,548
012530,549
012601,550
012602,551
012603,552
012604,553
012605,554
012606,555
012607,556
012609,557
012610,558
012611,559
012612,560
012613,561
012615,562
012616,563
012617,564
012619,565
012621,566
012623,567
012624,568
012625,569
012626,570
012627,571
012701,572
012702,573
012703,574
012704,575
012705,576
012706,577
012707,578
012708,579
012709,580
012710,581
012711,582
012712,583
012713,584
012714,585
012715,586
012716,587
012717,588
012718,589
012719,590
012720,591
012721,592
012722,593
012723,594
012724,595
012725,596
012726,597
012727,598
012728,599
012729,600
012730,601
012801,602
012802,603
012803,604
012804,605
012805,606
012807,607
012808,608
012809,609
012810,610
012811,611
012812,612
012813,613
012815,614
012816,615
012817,616
012818,617
012819,618
012820,619
012821,620
012822,621
012823,622
012824,623
012825,624
012826,625
012827,626
012901,627
012903,628
012904,629
012905,630
012906,631
012907,632
012909,633
012910,634
012911,635
012912,636
012913,637
012914,638
012915,639
012916,640
012917,641
012918,642
012919,643
012920,644
012921,645
012922,646
012923,647
012924,648
012925,649
012926,650
012927,651
012928,652
012929,653
012930,654
013001,655
013003,656
013005,657
013007,658
013009,659
013011,660
013013,661
013015,662
013017,663
013019,664
013021,665
013023,666
013024,667
013025,668
013026,669
013027,670
020101,671
020102,672
020103,673
020104,674
020105,675
020106,676
020107,677
020108,678
020109,679
020110,680
020111,681
020112,682
020113,683
020115,684
020116,685
020117,686
020118,687
020119,688
020120,689
020121,690
020122,691
020123,692
020124,693
020125,694
020126,695
020127,696
020201,697
020202,698
020203,699
020204,700
020205,701
020206,702
020207,703
020208,704
020209,705
020210,706
020211,707
020212,708
020213,709
020214,710
020215,711
020216,712
020217,713
020218,714
020219,715
020220,716
020221,717
020222,718
020223,719
020224,720
020225,721
020226,722
020227,723
020228,724
020229,725
020230,726
020301,727
020302,728
020303,729
020304,730
020305,731
020306,732
020307,733
020308,734
020309,735
020310,736
020311,737
020312,738
020313,739
020315,740
020316,741
020317,742
020318,743
020319,744
020320,745
020321,746
020322,747
020323,748
020324,749
020325,750
020326,751
020327,752
020401,753
020402,754
020403,755
020404,756
020405,757
020406,758
020407,759
020408,760
020409,761
020410,762
020411,763
020412,764
020413,765
020414,766
020415,767
020416,768
020417,769
020418,770
020419,771
020420,772
020421,773
020422,774
020423,775
020424,776
020425,777
020426,778
020427,779
020428,780
020429,781
020430,782
020501,783
020502,784
020503,785
020504,786
020505,787
020506,788
020507,789
020508,790
020509,791
020510,792
020511,793
020512,794
020513,795
020515,796
020516,797
020517,798
020518,799
020519,800
020520,801
020521,802
020522,803
020523,804
020524,805
020525,806
020526,807
020527,808
020601,809
020602,810
020603,811
020604,812
020605,813
020606,814
020607,815
020608,816
020609,817
020610,818
020611,819
020612,820
020613,821
020614,822
020615,823
020616,824
020617,825
020618,826
020619,827
020620,828
020621,829
020622,830
020623,831
020624,832
020625,833
020626,834
020627,835
020628,836
020629,837
020630,838
020701,839
020702,840
020703,841
020704,842
020705,843
020706,844
020707,845
020708,846
020709,847
020710,848
020711,849
020712,850
020713,851
020715,852
020716,853
020717,854
020718,855
020719,856
020720,857
020721,858
020722,859
020723,860
020724,861
020725,862
020726,863
020727,864
020801,865
020802,866
020803,867
020804,868
020805,869
020806,870
020807,871
020808,872
020809,873
020810,874
020811,875
020812,876
020813,877
020814,878
020815,879
020816,880
020817,881
020818,882
020819,883
020820,884
020821,885
020822,886
020823,887
020824,888
020825,889
020826,890
020827,891
020828,892
020829,893
020830,894
020901,895
020902,896
020903,897
020904,898
020905,899
020906,900
020907,901
020908,902
020909,903
020910,904
020911,905
020912,906
020913,907
020915,908
020916,909
020917,910
020918,911
020919,912
020920,913
020921,914
020922,915
020923,916
020924,917
020925,918
020926,919
020927,920
021001,921
021002,922
021003,923
021004,924
021005,925
021006,926
021007,927
021008,928
021009,929
021010,930
021011,931
021012,932
021013,933
021014,934
021015,935
021016,936
021017,937
021018,938
021019,939
021020,940
021021,941
021022,942
021023,943
021024,944
021025,945
021026,946
021027,947
021028,948
021029,949
021030,950
021101,951
021102,952
021103,953
021104,954
021105,955
021106,956
021107,957
021108,958
021109,959
021110,960
021111,961
021112,962
021113,963
021115,964
021116,965
021117,966
021118,967
021119,968
021120,969
021121,970
021122,971
021123,972
021124,973
021125,974
021126,975
021127,976
021201,977
021202,978
021203,979
021204,980
021205,981
021206,982
021207,983
021208,984
021209,985
021210,986
021211,987
021212,988
021213,989
021214,990
021215,991
021216,992
021217,993
021218,994
021219,995
021220,996
021221,997
021222,998
021223,999
021224,1000
021225,1001
021226,1002
021227,1003
021228,1004
021229,1005
021230,1006
021301,1007
021303,1008
021304,1009
021305,1010
021306,1011
021308,1012
021309,1013
021310,1014
021311,1015
021312,1016
021313,1017
021315,1018
021316,1019
021317,1020
021318,1021
021319,1022
021320,1023
021321,1024
021322,1025
021323,1026
021324,1027
021325,1028
021326,1029
021327,1030
021401,1031
021403,1032
021404,1033
021405,1034
021406,1035
021407,1036
021409,1037
021410,1038
021411,1039
021412,1040
021413,1041
021414,1042
021415,1043
021416,1044
021417,1045
021418,1046
021419,1047
021420,1048
021421,1049
021422,1050
021423,1051
021424,1052
021425,1053
021426,1054
021427,1055
021428,1056
021429,1057
021430,1058
021501,1059
021502,1060
021503,1061
021504,1062
021505,1063
021506,1064
021507,1065
021508,1066
021509,1067
021510,1068
021511,1069
021512,1070
021513,1071
021515,1072
021516,1073
021517,1074
021518,1075
021519,1076
021520,1077
021521,1078
021522,1079
021523,1080
021524,1081
021525,1082
021526,1083
021527,1084
021601,1085
021602,1086
021603,1087
021604,1088
021605,1089
021606,1090
021607,1091
021608,1092
021609,1093
021610,1094
021611,1095
021612,1096
021613,1097
021614,1098
021615,1099
021616,1100
021617,1101
021618,1102
021619,1103
021620,1104
021621,1105
021622,1106
021623,1107
021624,1108
021625,1109
021626,1110
021627,1111
021628,1112
021629,1113
021630,1114
021701,1115
021702,1116
021703,1117
021704,1118
021705,1119
021706,1120
021707,1121
021708,1122
021709,1123
021710,1124
021711,1125
021712,1126
021713,1127
021715,1128
021716,1129
021717,1130
021718,1131
021719,1132
021720,1133
021721,1134
021722,1135
021723,1136
021724,1137
021725,1138
021726,1139
021727,1140
021801,1141
021802,1142
021803,1143
021804,1144
021805,1145
021806,1146
021807,1147
021808,1148
021809,1149
021810,1150
021811,1151
021812,1152
021813,1153
021814,1154
021815,1155
021816,1156
021817,1157
021818,1158
021819,1159
021820,1160
021821,1161
021822,1162
021823,1163
021824,1164
021825,1165
021826,1166
021827,1167
021828,1168
021829,1169
021830,1170
021901,1171
021902,1172
021903,1173
021904,1174
021905,1175
021906,1176
021907,1177
021908,1178
021909,1179
021910,1180
021911,1181
021912,1182
021913,1183
021915,1184
021916,1185
021917,1186
021918,1187
021919,1188
021920,1189
021921,1190
021922,1191
021923,1192
021924,1193
021925,1194
021926,1195
021927,1196
022001,1197
022002,1198
022003,1199
022004,1200
022005,1201
022006,1202
022007,1203
022008,1204
022009,1205
022010,1206
022011,1207
022012,1208
022013,1209
022014,1210
022015,1211
022016,1212
022017,1213
022018,1214
022019,1215
022020,1216
022021,1217
022022,1218
022023,1219
022024,1220
022025,1221
022026,1222
022027,1223
022028,1224
022029,1225
022030,1226
022101,1227
022102,1228
022103,1229
022104,1230
022105,1231
022106,1232
022107,1233
022108,1234
022109,1235
022110,1236
022111,1237
022112,1238
022113,1239
022115,1240
022116,1241
022117,1242
022118,1243
022119,1244
022120,1245
022121,1246
022122,1247
022123,1248
022124,1249
022125,1250
022126,1251
022127,1252
022201,1253
022202,1254
022203,1255
022204,1256
022205,1257
022206,1258
022207,1259
022208,1260
022209,1261
022210,1262
022211,1263
022212,1264
022213,1265
022214,1266
022215,1267
022216,1268
022217,1269
022218,1270
022219,1271
022220,1272
022221,1273
022222,1274
022223,1275
022224,1276
022225,1277
022226,1278
022227,1279
022228,1280
022229,1281
022230,1282
022301,1283
022302,1284
022303,1285
022304,1286
022305,1287
022306,1288
022307,1289
022308,1290
022309,1291
022310,1292
022311,1293
022312,1294
022313,1295
022315,1296
022316,1297
022317,1298
022318,1299
022319,1300
022320,1301
022321,1302
022322,1303
022323,1304
022324,1305
022325,1306
022326,1307
022327,1308
022401,1309
022402,1310
022403,1311
022404,1312
022405,1313
022406,1314
022407,1315
022408,1316
022409,1317
022410,1318
022411,1319
022412,1320
022413,1321
022414,1322
022415,1323
022416,1324
022417,1325
022418,1326
022419,1327
022420,1328
022421,1329
022422,1330
022423,1331
022424,1332
022425,1333
022426,1334
022427,1335
022428,1336
022429,1337
022430,1338
022501,1339
022502,1340
022503,1341
022504,1342
022505,1343
022506,1344
022507,1345
022508,1346
022509,1347
022510,1348
022511,1349
022512,1350
022513,1351
022515,1352
022516,1353
022517,1354
022518,1355
022519,1356
022520,1357
022521,1358
022522,1359
022523,1360
022524,1361
022525,1362
022526,1363
022527,1364
022601,1365
022602,1366
022603,1367
022604,1368
022605,1369
022606,1370
022607,1371
022608,1372
022609,1373
022610,1374
022611,1375
022612,1376
022613,1377
022614,1378
022615,1379
022616,1380
022617,1381
022618,1382
022619,1383
022620,1384
022621,1385
022622,1386
022623,1387
022624,1388
022625,1389
022626,1390
022627,1391
022628,1392
022629,1393
022630,1394
022701,1395
022702,1396
022703,1397
022704,1398
022705,1399
022706,1400
022707,1401
022708,1402
022709,1403
022710,1404
022711,1405
022712,1406
022713,1407
022715,1408
022716,1409
022717,1410
022718,1411
022719,1412
022720,1413
022721,1414
022722,1415
022723,1416
022724,1417
022725,1418
022726,1419
022727,1420
022801,1421
022802,1422
022803,1423
022804,1424
022805,1425
022806,1426
022807,1427
022808,1428
022809,1429
022810,1430
022811,1431
022812,1432
022813,1433
022814,1434
022815,1435
022816,1436
022817,1437
022818,1438
022819,1439
022820,1440
022821,1441
022822,1442
022823,1443
022824,1444
022825,1445
022826,1446
022827,1447
022828,1448
022829,1449
022830,1450
022901,1451
022903,1452
022904,1453
022905,1454
022906,1455
022908,1456
022909,1457
022910,1458
022911,1459
022912,1460
022913,1461
022915,1462
022916,1463
022917,1464
022918,1465
022919,1466
022920,1467
022921,1468
022922,1469
022923,1470
022924,1471
022925,1472
022926,1473
022927,1474
023001,1475
023003,1476
023004,1477
023005,1478
023006,1479
023007,1480
023009,1481
023010,1482
023011,1483
023012,1484
023013,1485
023014,1486
023015,1487
023016,1488
023017,1489
023018,1490
023019,1491
023020,1492
023021,1493
023022,1494
023023,1495
023024,1496
023025,1497
023026,1498
023027,1499
023028,1500
023029,1501
023030,1502
030101,1503
030103,1504
030104,1505
030105,1506
030106,1507
030107,1508
030109,1509
030111,1510
030112,1511
030113,1512
030114,1513
030115,1514
030117,1515
030118,1516
030119,1517
030120,1518
030121,1519
030123,1520
030124,1521
030125,1522
030126,1523
030127,1524
030129,1525
030131,1526
030133,1527
030135,1528
030201,1529
030203,1530
030205,1531
030207,1532
030209,1533
030211,1534
030213,1535
030215,1536
030217,1537
030219,1538
030221,1539
030223,1540
030225,1541
030227,1542
030301,1543
030303,1544
030304,1545
030305,1546
030306,1547
030307,1548
030309,1549
030311,1550
030312,1551
030313,1552
030314,1553
030315,1554
030317,1555
030318,1556
030319,1557
030320,1558
030321,1559
030323,1560
030324,1561
030325,1562
030327,1563
030329,1564
030330,1565
030331,1566
030333,1567
030335,1568
030401,1569
030403,1570
030405,1571
030407,1572
030409,1573
030411,1574
030413,1575
030415,1576
030417,1577
030419,1578
030421,1579
030423,1580
030425,1581
030427,1582
030501,1583
030503,1584
030504,1585
030505,1586
030506,1587
030507,1588
030509,1589
030511,1590
030512,1591
030513,1592
030514,1593
030515,1594
030517,1595
030518,1596
030519,1597
030520,1598
030521,1599
030522,1600
030523,1601
030524,1602
030525,1603
030527,1604
030529,1605
030531,1606
030533,1607
030535,1608
030601,1609
030603,1610
030605,1611
030607,1612
030609,1613
030611,1614
030613,1615
030615,1616
030617,1617
030619,1618
030621,1619
030623,1620
030625,1621
030627,1622
030701,1623
030703,1624
030704,1625
030705,1626
030706,1627
030707,1628
030709,1629
030711,1630
030712,1631
030713,1632
030714,1633
030715,1634
030717,1635
030718,1636
030719,1637
030720,1638
030721,1639
030722,1640
030723,1641
030724,1642
030725,1643
030726,1644
030727,1645
030728,1646
030729,1647
030731,1648
030733,1649
030735,1650
030801,1651
030803,1652
030805,1653
030807,1654
030809,1655
030811,1656
030813,1657
030815,1658
030817,1659
030819,1660
030821,1661
030823,1662
030825,1663
030827,1664
030901,1665
030903,1666
030904,1667
030905,1668
030906,1669
030907,1670
030909,1671
030911,1672
030912,1673
030913,1674
030914,1675
030915,1676
030917,1677
030918,1678
030919,1679
030920,1680
030921,1681
030922,1682
030923,1683
030924,1684
030925,1685
030926,1686
030927,1687
030928,1688
030929,1689
030931,1690
030933,1691
030935,1692
031001,1693
031003,1694
031005,1695
031007,1696
031009,1697
031011,1698
031013,1699
031015,1700
031017,1701
031019,1702
031021,1703
031023,1704
031025,1705
031027,1706
031101,1707
031103,1708
031104,1709
031105,1710
031106,1711
031107,1712
031109,1713
031111,1714
031112,1715
031113,1716
031114,1717
031115,1718
031117,1719
031118,1720
031119,1721
031120,1722
031121,1723
031122,1724
031123,1725
031124,1726
031125,1727
031126,1728
031127,1729
031128,1730
031129,1731
031131,1732
031133,1733
031135,1734
031201,1735
031203,1736
031205,1737
031207,1738
031209,1739
031211,1740
031213,1741
031215,1742
031217,1743
031219,1744
031221,1745
031223,1746
031225,1747
031227,1748
031301,1749
031303,1750
031305,1751
031307,1752
031309,1753
031311,1754
031312,1755
031313,1756
031314,1757
031315,1758
031317,1759
031318,1760
031319,1761
031320,1762
031321,1763
031322,1764
031323,1765
031324,1766
031325,1767
031326,1768
031327,1769
031328,1770
031329,1771
031331,1772
031333,1773
031335,1774
031401,1775
031403,1776
031405,1777
031407,1778
031409,1779
031411,1780
031413,1781
031415,1782
031417,1783
031419,1784
031421,1785
031423,1786
031425,1787
031427,1788
031501,1789
031503,1790
031504,1791
031505,1792
031506,1793
031507,1794
031509,1795
031511,1796
031512,1797
031513,1798
031514,1799
031515,1800
031517,1801
031518,1802
031519,1803
031520,1804
031521,1805
031522,1806
031523,1807
031524,1808
031525,1809
031527,1810
031529,1811
031531,1812
031533,1813
031535,1814
031601,1815
031603,1816
031605,1817
031607,1818
031609,1819
031611,1820
031613,1821
031615,1822
031617,1823
031619,1824
031621,1825
031623,1826
031625,1827
031627,1828
031701,1829
031703,1830
031704,1831
031705,1832
031706,1833
031707,1834
031709,1835
031711,1836
031712,1837
031713,1838
031714,1839
031715,1840
031717,1841
031718,1842
031719,1843
031720,1844
031721,1845
031722,1846
031723,1847
031725,1848
031727,1849
031729,1850
031731,1851
031733,1852
031735,1853
031801,1854
031803,1855
031805,1856
031807,1857
031809,1858
031811,1859
031813,1860
031815,1861
031817,1862
031819,1863
031821,1864
031823,1865
031824,1866
031825,1867
031827,1868
031901,1869
031903,1870
031904,1871
031905,1872
031906,1873
031907,1874
031909,1875
031911,1876
031912,1877
031913,1878
031914,1879
031915,1880
031917,1881
031918,1882
031919,1883
031920,1884
031921,1885
031922,1886
031923,1887
031924,1888
031925,1889
031927,1890
031928,1891
031929,1892
031931,1893
031933,1894
031935,1895
032001,1896
032003,1897
032005,1898
032007,1899
032009,1900
032011,1901
032013,1902
032015,1903
032017,1904
032019,1905
032021,1906
032023,1907
032025,1908
032026,1909
032027,1910
032101,1911
032103,1912
032104,1913
032105,1914
032106,1915
032107,1916
032109,1917
032111,1918
032112,1919
032113,1920
032114,1921
032115,1922
032117,1923
032118,1924
032119,1925
032120,1926
032121,1927
032123,1928
032125,1929
032127,1930
032129,1931
032131,1932
032133,1933
032135,1934
032201,1935
032203,1936
032205,1937
032207,1938
032209,1939
032211,1940
032213,1941
032215,1942
032217,1943
032219,1944
032221,1945
032223,1946
032225,1947
032227,1948
032301,1949
032303,1950
032304,1951
032305,1952
032306,1953
032307,1954
032309,1955
032311,1956
032312,1957
032313,1958
032314,1959
032315,1960
032317,1961
032318,1962
032319,1963
032320,1964
032321,1965
032322,1966
032323,1967
032325,1968
032326,1969
032327,1970
032328,1971
032329,1972
032330,1973
032331,1974
032333,1975
032335,1976
032401,1977
032403,1978
032405,1979
032407,1980
032409,1981
032411,1982
032413,1983
032415,1984
032417,1985
032419,1986
032421,1987
032423,1988
032425,1989
032427,1990
032501,1991
032503,1992
032504,1993
032505,1994
032506,1995
032507,1996
032509,1997
032511,1998
032512,1999
032513,2000
032514,2001
032515,2002
032517,2003
032518,2004
032519,2005
032520,2006
032521,2007
032522,2008
032523,2009
032524,2010
032525,2011
032526,2012
032527,2013
032529,2014
032530,2015
032531,2016
032533,2017
032535,2018
032601,2019
032603,2020
032605,2021
032607,2022
032609,2023
032611,2024
032613,2025
032615,2026
032617,2027
032619,2028
032621,2029
032623,2030
032624,2031
032625,2032
032626,2033
032627,2034
032701,2035
032703,2036
032704,2037
032705,2038
032706,2039
032707,2040
032709,2041
032711,2042
032712,2043
032713,2044
032714,2045
032715,2046
032717,2047
032719,2048
032720,2049
032721,2050
032722,2051
032723,2052
032725,2053
032727,2054
032729,2055
032730,2056
032731,2057
032733,2058
032735,2059
032801,2060
032803,2061
032805,2062
032807,2063
032809,2064
032811,2065
032813,2066
032815,2067
032817,2068
032819,2069
032821,2070
032823,2071
032825,2072
032826,2073
032827,2074
032901,2075
032903,2076
032905,2077
032907,2078
032909,2079
032911,2080
032913,2081
032915,2082
032917,2083
032919,2084
032921,2085
032923,2086
032925,2087
032927,2088
032929,2089
032930,2090
032931,2091
032933,2092
032935,2093
033001,2094
033003,2095
033005,2096
033007,2097
033009,2098
033011,2099
033013,2100
033015,2101
033017,2102
033019,2103
033021,2104
033023,2105
033025,2106
033026,2107
033027,2108
040101,2109
040103,2110
040104,2111
040105,2112
040106,2113
040107,2114
040109,2115
040111,2116
040112,2117
040113,2118
040114,2119
040115,2120
040117,2121
040118,2122
040119,2123
040120,2124
040121,2125
040123,2126
040124,2127
040125,2128
040126,2129
040127,2130
040130,2131
040131,2132
040201,2133
040203,2134
040204,2135
040205,2136
040206,2137
040207,2138
040209,2139
040211,2140
040212,2141
040213,2142
040214,2143
040215,2144
040217,2145
040219,2146
040220,2147
040221,2148
040223,2149
040224,2150
040225,2151
040226,2152
040227,2153
040301,2154
040303,2155
040304,2156
040305,2157
040306,2158
040307,2159
040309,2160
040311,2161
040312,2162
040313,2163
040314,2164
040315,2165
040317,2166
040318,2167
040319,2168
040321,2169
040323,2170
040324,2171
040325,2172
040326,2173
040327,2174
040330,2175
040331,2176
040401,2177
040403,2178
040404,2179
040405,2180
040406,2181
040407,2182
040409,2183
040411,2184
040412,2185
040413,2186
040414,2187
040415,2188
040417,2189
040418,2190
040419,2191
040420,2192
040421,2193
040422,2194
040423,2195
040424,2196
040425,2197
040426,2198
040427,2199
040428,2200
040429,2201
040431,2202
040501,2203
040503,2204
040504,2205
040505,2206
040506,2207
040507,2208
040509,2209
040511,2210
040512,2211
040513,2212
040514,2213
040515,2214
040517,2215
040519,2216
040521,2217
040523,2218
040524,2219
040525,2220
040526,2221
040527,2222
040601,2223
040603,2224
040604,2225
040605,2226
040606,2227
040607,2228
040609,2229
040611,2230
040612,2231
040613,2232
040614,2233
040615,2234
040617,2235
040618,2236
040619,2237
040621,2238
040623,2239
040624,2240
040625,2241
040626,2242
040627,2243
040628,2244
040701,2245
040703,2246
040704,2247
040705,2248
040706,2249
040707,2250
040709,2251
040711,2252
040712,2253
040713,2254
040715,2255
040717,2256
040719,2257
040721,2258
040723,2259
040724,2260
040725,2261
040726,2262
040727,2263
040730,2264
040801,2265
040803,2266
040804,2267
040805,2268
040806,2269
040807,2270
040809,2271
040811,2272
040812,2273
040813,2274
040814,2275
040815,2276
040817,2277
040818,2278
040819,2279
040821,2280
040823,2281
040824,2282
040825,2283
040826,2284
040827,2285
040829,2286
040830,2287
040831,2288
040901,2289
040903,2290
040904,2291
040905,2292
040906,2293
040907,2294
040909,2295
040911,2296
040912,2297
040913,2298
040914,2299
040915,2300
040917,2301
040918,2302
040919,2303
040920,2304
040921,2305
040922,2306
040923,2307
040924,2308
040925,2309
040926,2310
040927,2311
041001,2312
041003,2313
041004,2314
041005,2315
041007,2316
041009,2317
041011,2318
041012,2319
041013,2320
041014,2321
041015,2322
041017,2323
041019,2324
041021,2325
041022,2326
041023,2327
041024,2328
041025,2329
041026,2330
041027,2331
041028,2332
041029,2333
041101,2334
041103,2335
041104,2336
041105,2337
041106,2338
041107,2339
041109,2340
041111,2341
041112,2342
041113,2343
041114,2344
041115,2345
041117,2346
041118,2347
041119,2348
041120,2349
041121,2350
041123,2351
041124,2352
041125,2353
041126,2354
041127,2355
041201,2356
041203,2357
041204,2358
041205,2359
041206,2360
041207,2361
041209,2362
041211,2363
041212,2364
041213,2365
041215,2366
041217,2367
041218,2368
041219,2369
041220,2370
041221,2371
041222,2372
041223,2373
041224,2374
041225,2375
041226,2376
041227,2377
041228,2378
041230,2379
041301,2380
041303,2381
041305,2382
041306,2383
041307,2384
041308,2385
041309,2386
041310,2387
041311,2388
041312,2389
041313,2390
041314,2391
041315,2392
041317,2393
041319,2394
041320,2395
041321,2396
041323,2397
041324,2398
041325,2399
041326,2400
041327,2401
041401,2402
041403,2403
041404,2404
041405,2405
041406,2406
041407,2407
041409,2408
041411,2409
041413,2410
041414,2411
041415,2412
041417,2413
041419,2414
041420,2415
041421,2416
041422,2417
041423,2418
041424,2419
041425,2420
041426,2421
041427,2422
041428,2423
041430,2424
041501,2425
041502,2426
041503,2427
041504,2428
041505,2429
041506,2430
041507,2431
041508,2432
041509,2433
041510,2434
041511,2435
041512,2436
041513,2437
041514,2438
041515,2439
041517,2440
041518,2441
041519,2442
041520,2443
041521,2444
041523,2445
041524,2446
041525,2447
041526,2448
041527,2449
041601,2450
041603,2451
041604,2452
041605,2453
041606,2454
041607,2455
041609,2456
041611,2457
041612,2458
041613,2459
041614,2460
041615,2461
041617,2462
041618,2463
041619,2464
041621,2465
041622,2466
041623,2467
041624,2468
041625,2469
041626,2470
041627,2471
041628,2472
041629,2473
041701,2474
041702,2475
041703,2476
041704,2477
041705,2478
041706,2479
041707,2480
041708,2481
041709,2482
041710,2483
041711,2484
041712,2485
041713,2486
041714,2487
041715,2488
041717,2489
041718,2490
041719,2491
041720,2492
041721,2493
041722,2494
041723,2495
041724,2496
041725,2497
041726,2498
041727,2499
041801,2500
041803,2501
041804,2502
041805,2503
041806,2504
041807,2505
041809,2506
041811,2507
041812,2508
041813,2509
041814,2510
041815,2511
041817,2512
041818,2513
041819,2514
041820,2515
041821,2516
041822,2517
041823,2518
041824,2519
041825,2520
041826,2521
041827,2522
041829,2523
041830,2524
041831,2525
041901,2526
041902,2527
041903,2528
041904,2529
041905,2530
041906,2531
041907,2532
041908,2533
041909,2534
041910,2535
041911,2536
041912,2537
041913,2538
041914,2539
041915,2540
041917,2541
041918,2542
041919,2543
041920,2544
041921,2545
041922,2546
041923,2547
041924,2548
041925,2549
041926,2550
041927,2551
042001,2552
042003,2553
042004,2554
042005,2555
042006,2556
042007,2557
042009,2558
042011,2559
042012,2560
042013,2561
042014,2562
042015,2563
042017,2564
042018,2565
042019,2566
042020,2567
042021,2568
042022,2569
042023,2570
042024,2571
042025,2572
042026,2573
042027,2574
042028,2575
042029,2576
042101,2577
042102,2578
042103,2579
042104,2580
042105,2581
042106,2582
042107,2583
042108,2584
042109,2585
042110,2586
042111,2587
042112,2588
042113,2589
042114,2590
042115,2591
042117,2592
042118,2593
042119,2594
042120,2595
042121,2596
042123,2597
042124,2598
042125,2599
042126,2600
042127,2601
042201,2602
042203,2603
042204,2604
042205,2605
042206,2606
042207,2607
042209,2608
042211,2609
042212,2610
042213,2611
042215,2612
042217,2613
042218,2614
042219,2615
042220,2616
042221,2617
042222,2618
042223,2619
042224,2620
042225,2621
042226,2622
042227,2623
042228,2624
042230,2625
042301,2626
042302,2627
042303,2628
042304,2629
042305,2630
042306,2631
042307,2632
042308,2633
042309,2634
042310,2635
042311,2636
042312,2637
042313,2638
042314,2639
042315,2640
042317,2641
042318,2642
042319,2643
042320,2644
042321,2645
042322,2646
042323,2647
042324,2648
042325,2649
042326,2650
042327,2651
042401,2652
042403,2653
042404,2654
042405,2655
042406,2656
042407,2657
042409,2658
042411,2659
042412,2660
042413,2661
042414,2662
042415,2663
042417,2664
042419,2665
042420,2666
042421,2667
042422,2668
042423,2669
042424,2670
042425,2671
042426,2672
042427,2673
042501,2674
042502,2675
042503,2676
042504,2677
042505,2678
042506,2679
042507,2680
042508,2681
042509,2682
042510,2683
042511,2684
042512,2685
042513,2686
042514,2687
042515,2688
042517,2689
042519,2690
042520,2691
042521,2692
042522,2693
042523,2694
042524,2695
042525,2696
042526,2697
042527,2698
042601,2699
042603,2700
042604,2701
042605,2702
042606,2703
042607,2704
042609,2705
042611,2706
042612,2707
042613,2708
042614,2709
042615,2710
042617,2711
042618,2712
042619,2713
042620,2714
042621,2715
042622,2716
042623,2717
042624,2718
042625,2719
042626,2720
042627,2721
042628,2722
042629,2723
042630,2724
042631,2725
042701,2726
042702,2727
042703,2728
042704,2729
042705,2730
042706,2731
042707,2732
042708,2733
042709,2734
042711,2735
042712,2736
042713,2737
042714,2738
042715,2739
042717,2740
042719,2741
042720,2742
042721,2743
042722,2744
042723,2745
042724,2746
042725,2747
042726,2748
042727,2749
042801,2750
042803,2751
042804,2752
042805,2753
042806,2754
042807,2755
042809,2756
042811,2757
042812,2758
042813,2759
042815,2760
042817,2761
042819,2762
042821,2763
042823,2764
042824,2765
042825,2766
042826,2767
042827,2768
042828,2769
042829,2770
042830,2771
042831,2772
042901,2773
042903,2774
042905,2775
042906,2776
042907,2777
042908,2778
042909,2779
042911,2780
042912,2781
042913,2782
042914,2783
042915,2784
042917,2785
042918,2786
042919,2787
042920,2788
042921,2789
042922,2790
042923,2791
042924,2792
042925,2793
042926,2794
042927,2795
043001,2796
043003,2797
043005,2798
043007,2799
043009,2800
043011,2801
043012,2802
043013,2803
043015,2804
043017,2805
043018,2806
043019,2807
043021,2808
043023,2809
043024,2810
043025,2811
043026,2812
043027,2813
043028,2814
043029,2815
043030,2816
043031,2817
050101,2818
050102,2819
050103,2820
050104,2821
050105,2822
050106,2823
050107,2824
050108,2825
050109,2826
050110,2827
050111,2828
050112,2829
050113,2830
050114,2831
050115,2832
050116,2833
050117,2834
050118,2835
050119,2836
050120,2837
050121,2838
050122,2839
050123,2840
050124,2841
050125,2842
050126,2843
050127,2844
050201,2845
050203,2846
050204,2847
050205,2848
050207,2849
050209,2850
050211,2851
050213,2852
050215,2853
050217,2854
050219,2855
050221,2856
050223,2857
050225,2858
050226,2859
050227,2860
050301,2861
050302,2862
050303,2863
050304,2864
050305,2865
050306,2866
050307,2867
050308,2868
050309,2869
050310,2870
050311,2871
050312,2872
050313,2873
050314,2874
050315,2875
050316,2876
050317,2877
050318,2878
050319,2879
050320,2880
050321,2881
050322,2882
050323,2883
050324,2884
050325,2885
050326,2886
050327,2887
050401,2888
050403,2889
050404,2890
050405,2891
050407,2892
050409,2893
050411,2894
050413,2895
050415,2896
050417,2897
050419,2898
050421,2899
050425,2900
050426,2901
050427,2902
050428,2903
050501,2904
050502,2905
050503,2906
050504,2907
050505,2908
050506,2909
050507,2910
050508,2911
050509,2912
050510,2913
050511,2914
050512,2915
050513,2916
050514,2917
050515,2918
050516,2919
050517,2920
050518,2921
050519,2922
050520,2923
050521,2924
050522,2925
050523,2926
050524,2927
050525,2928
050526,2929
050527,2930
050601,2931
050603,2932
050604,2933
050605,2934
050607,2935
050609,2936
050611,2937
050613,2938
050615,2939
050617,2940
050619,2941
050621,2942
050623,2943
050625,2944
050626,2945
050627,2946
050628,2947
050701,2948
050703,2949
050705,2950
050707,2951
050709,2952
050711,2953
050713,2954
050715,2955
050717,2956
050719,2957
050721,2958
050723,2959
050724,2960
050725,2961
050726,2962
050727,2963
050729,2964
050731,2965
050733,2966
050735,2967
050801,2968
050803,2969
050804,2970
050805,2971
050807,2972
050809,2973
050811,2974
050813,2975
050815,2976
050817,2977
050819,2978
050821,2979
050823,2980
050825,2981
050826,2982
050827,2983
050828,2984
050901,2985
050903,2986
050905,2987
050907,2988
050909,2989
050911,2990
050913,2991
050915,2992
050917,2993
050919,2994
050921,2995
050923,2996
050924,2997
050925,2998
050926,2999
050927,3000
050929,3001
050931,3002
050933,3003
050935,3004
051001,3005
051003,3006
051004,3007
051005,3008
051007,3009
051009,3010
051011,3011
051013,3012
051015,3013
051017,3014
051019,3015
051021,3016
051023,3017
051026,3018
051027,3019
051028,3020
051101,3021
051103,3022
051105,3023
051107,3024
051109,3025
051111,3026
051113,3027
051115,3028
051117,3029
051119,3030
051121,3031
051123,3032
051124,3033
051125,3034
051126,3035
051127,3036
051129,3037
051131,3038
051133,3039
051135,3040
051201,3041
051203,3042
051204,3043
051205,3044
051207,3045
051209,3046
051211,3047
051213,3048
051215,3049
051217,3050
051219,3051
051221,3052
051223,3053
051225,3054
051226,3055
051228,3056
051301,3057
051303,3058
051305,3059
051307,3060
051309,3061
051311,3062
051313,3063
051315,3064
051317,3065
051319,3066
051321,3067
051323,3068
051324,3069
051325,3070
051326,3071
051327,3072
051329,3073
051331,3074
051333,3075
051335,3076
051401,3077
051403,3078
051404,3079
051405,3080
051407,3081
051409,3082
051411,3083
051413,3084
051415,3085
051417,3086
051419,3087
051421,3088
051423,3089
051425,3090
051426,3091
051427,3092
051428,3093
051501,3094
051503,3095
051505,3096
051507,3097
051509,3098
051511,3099
051513,3100
051515,3101
051517,3102
051519,3103
051521,3104
051523,3105
051524,3106
051525,3107
051526,3108
051527,3109
051529,3110
051531,3111
051533,3112
051535,3113
051601,3114
051603,3115
051604,3116
051605,3117
051607,3118
051609,3119
051611,3120
051613,3121
051615,3122
051617,3123
051619,3124
051621,3125
051623,3126
051625,3127
051626,3128
051627,3129
051628,3130
051701,3131
051703,3132
051705,3133
051707,3134
051709,3135
051711,3136
051713,3137
051715,3138
051717,3139
051719,3140
051721,3141
051723,3142
051724,3143
051725,3144
051726,3145
051727,3146
051729,3147
051731,3148
051733,3149
051735,3150
051801,3151
051803,3152
051805,3153
051807,3154
051809,3155
051811,3156
051813,3157
051815,3158
051819,3159
051821,3160
051823,3161
051825,3162
051826,3163
051827,3164
051901,3165
051903,3166
051905,3167
051907,3168
051909,3169
051911,3170
051913,3171
051915,3172
051917,3173
051919,3174
051921,3175
051923,3176
051924,3177
051925,3178
051926,3179
051927,3180
051929,3181
051933,3182
051935,3183
052001,3184
052003,3185
052005,3186
052007,3187
052009,3188
052011,3189
052013,3190
052015,3191
052017,3192
052019,3193
052021,3194
052023,3195
052024,3196
052025,3197
052026,3198
052027,3199
052101,3200
052103,3201
052105,3202
052107,3203
052109,3204
052111,3205
052113,3206
052115,3207
052117,3208
052119,3209
052121,3210
052123,3211
052124,3212
052125,3213
052126,3214
052127,3215
052129,3216
052131,3217
052133,3218
052135,3219
052201,3220
052203,3221
052205,3222
052207,3223
052209,3224
052211,3225
052213,3226
052215,3227
052217,3228
052219,3229
052221,3230
052223,3231
052224,3232
052225,3233
052226,3234
052227,3235
052301,3236
052303,3237
052305,3238
052307,3239
052309,3240
052311,3241
052313,3242
052315,3243
052317,3244
052319,3245
052321,3246
052323,3247
052324,3248
052325,3249
052326,3250
052327,3251
052329,3252
052331,3253
052333,3254
052335,3255
052401,3256
052403,3257
052405,3258
052407,3259
052409,3260
052411,3261
052413,3262
052415,3263
052417,3264
052419,3265
052421,3266
052423,3267
052424,3268
052425,3269
052501,3270
052503,3271
052505,3272
052507,3273
052509,3274
052511,3275
052513,3276
052515,3277
052517,3278
052519,3279
052521,3280
052523,3281
052524,3282
052525,3283
052526,3284
052527,3285
052529,3286
052531,3287
052533,3288
052535,3289
052601,3290
052603,3291
052605,3292
052607,3293
052609,3294
052611,3295
052613,3296
052615,3297
052617,3298
052619,3299
052621,3300
052623,3301
052624,3302
052625,3303
052626,3304
052701,3305
052703,3306
052705,3307
052707,3308
052709,3309
052711,3310
052713,3311
052715,3312
052717,3313
052719,3314
052721,3315
052723,3316
052724,3317
052725,3318
052726,3319
052727,3320
052729,3321
052731,3322
052733,3323
052735,3324
052801,3325
052803,3326
052805,3327
052807,3328
052809,3329
052811,3330
052813,3331
052815,3332
052817,3333
052819,3334
052821,3335
052823,3336
052824,3337
052825,3338
052826,3339
052827,3340
052901,3341
052903,3342
052905,3343
052907,3344
052909,3345
052911,3346
052913,3347
052915,3348
052917,3349
052919,3350
052921,3351
052923,3352
052924,3353
052925,3354
052926,3355
052927,3356
052929,3357
052931,3358
052933,3359
052935,3360
053001,3361
053003,3362
053005,3363
053007,3364
053009,3365
053011,3366
053013,3367
053015,3368
053017,3369
053019,3370
053021,3371
053023,3372
053024,3373
053025,3374
053026,3375
053027,3376
060101,3377
060103,3378
060104,3379
060105,3380
060107,3381
060109,3382
060111,3383
060113,3384
060115,3385
060117,3386
060119,3387
060121,3388
060123,3389
060125,3390
060126,3391
060127,3392
060128,3393
060201,3394
060203,3395
060204,3396
060205,3397
060207,3398
060209,3399
060211,3400
060213,3401
060215,3402
060217,3403
060221,3404
060223,3405
060225,3406
060226,3407
060301,3408
060303,3409
060304,3410
060305,3411
060307,3412
060309,3413
060311,3414
060313,3415
060315,3416
060317,3417
060319,3418
060321,3419
060323,3420
060325,3421
060326,3422
060327,3423
060328,3424
060401,3425
060403,3426
060404,3427
060405,3428
060407,3429
060409,3430
060411,3431
060413,3432
060415,3433
060417,3434
060419,3435
060421,3436
060423,3437
060425,3438
060426,3439
060427,3440
060428,3441
060501,3442
060503,3443
060504,3444
060505,3445
060507,3446
060509,3447
060511,3448
060513,3449
060515,3450
060517,3451
060519,3452
060521,3453
060523,3454
060525,3455
060526,3456
060527,3457
060528,3458
060601,3459
060603,3460
060604,3461
060605,3462
060607,3463
060609,3464
060611,3465
060613,3466
060615,3467
060617,3468
060619,3469
060621,3470
060625,3471
060628,3472
060701,3473
060703,3474
060704,3475
060705,3476
060707,3477
060709,3478
060711,3479
060713,3480
060715,3481
060717,3482
060719,3483
060721,3484
060723,3485
060725,3486
060726,3487
060727,3488
060728,3489
060801,3490
060803,3491
060804,3492
060805,3493
060807,3494
060809,3495
060811,3496
060813,3497
060815,3498
060817,3499
060819,3500
060821,3501
060823,3502
060826,3503
060827,3504
060828,3505
060901,3506
060903,3507
060904,3508
060905,3509
060907,3510
060909,3511
060911,3512
060913,3513
060915,3514
060917,3515
060919,3516
060921,3517
060923,3518
060925,3519
060926,3520
060927,3521
060928,3522
061001,3523
061003,3524
061004,3525
061005,3526
061007,3527
061009,3528
061011,3529
061013,3530
061015,3531
061017,3532
061019,3533
061021,3534
061023,3535
061025,3536
061026,3537
061027,3538
061028,3539
061101,3540
061103,3541
061104,3542
061105,3543
061107,3544
061109,3545
061111,3546
061113,3547
061115,3548
061117,3549
061119,3550
061121,3551
061123,3552
061125,3553
061126,3554
061128,3555
061201,3556
061203,3557
061204,3558
061205,3559
061207,3560
061209,3561
061211,3562
061213,3563
061215,3564
061217,3565
061219,3566
061221,3567
061223,3568
061225,3569
061227,3570
061228,3571
061301,3572
061303,3573
061304,3574
061305,3575
061307,3576
061309,3577
061311,3578
061313,3579
061315,3580
061317,3581
061319,3582
061321,3583
061323,3584
061325,3585
061326,3586
061327,3587
061328,3588
061401,3589
061403,3590
061404,3591
061405,3592
061407,3593
061409,3594
061411,3595
061413,3596
061415,3597
061417,3598
061419,3599
061421,3600
061423,3601
061425,3602
061427,3603
061501,3604
061503,3605
061504,3606
061505,3607
061507,3608
061509,3609
061511,3610
061513,3611
061515,3612
061517,3613
061519,3614
061521,3615
061523,3616
061525,3617
061526,3618
061528,3619
061601,3620
061603,3621
061604,3622
061605,3623
061607,3624
061609,3625
061611,3626
061613,3627
061615,3628
061617,3629
061619,3630
061621,3631
061623,3632
061625,3633
061626,3634
061627,3635
061628,3636
061701,3637
061703,3638
061705,3639
061707,3640
061709,3641
061711,3642
061713,3643
061715,3644
061717,3645
061719,3646
061721,3647
061723,3648
061724,3649
061727,3650
061801,3651
061803,3652
061805,3653
061807,3654
061809,3655
061811,3656
061813,3657
061815,3658
061821,3659
061823,3660
061824,3661
061825,3662
061826,3663
061827,3664
061901,3665
061903,3666
061905,3667
061907,3668
061909,3669
061911,3670
061913,3671
061915,3672
061917,3673
061919,3674
061921,3675
061923,3676
061924,3677
061925,3678
061926,3679
061927,3680
062001,3681
062003,3682
062005,3683
062007,3684
062009,3685
062011,3686
062013,3687
062015,3688
062019,3689
062021,3690
062023,3691
062024,3692
062025,3693
062026,3694
062027,3695
062101,3696
062103,3697
062105,3698
062107,3699
062109,3700
062111,3701
062113,3702
062115,3703
062117,3704
062119,3705
062121,3706
062123,3707
062124,3708
062125,3709
062126,3710
062127,3711
062201,3712
062203,3713
062205,3714
062207,3715
062209,3716
062211,3717
062213,3718
062215,3719
062217,3720
062221,3721
062223,3722
062224,3723
062225,3724
062227,3725
062301,3726
062303,3727
062305,3728
062307,3729
062309,3730
062311,3731
062313,3732
062315,3733
062317,3734
062319,3735
062321,3736
062323,3737
062324,3738
062325,3739
062326,3740
062327,3741
062401,3742
062403,3743
062405,3744
062407,3745
062409,3746
062411,3747
062413,3748
062415,3749
062417,3750
062419,3751
062421,3752
062423,3753
062425,3754
062426,3755
062427,3756
062501,3757
062503,3758
062505,3759
062507,3760
062509,3761
062511,3762
062513,3763
062515,3764
062517,3765
062519,3766
062521,3767
062523,3768
062524,3769
062525,3770
062526,3771
062527,3772
062601,3773
062603,3774
062605,3775
062607,3776
062609,3777
062611,3778
062613,3779
062615,3780
062617,3781
062619,3782
062621,3783
062624,3784
062625,3785
062626,3786
062627,3787
062701,3788
062703,3789
062705,3790
062707,3791
062709,3792
062711,3793
062713,3794
062715,3795
062717,3796
062719,3797
062721,3798
062723,3799
062724,3800
062725,3801
062726,3802
062727,3803
062801,3804
062803,3805
062805,3806
062807,3807
062809,3808
062811,3809
062813,3810
062815,3811
062817,3812
062819,3813
062821,3814
062823,3815
062824,3816
062825,3817
062826,3818
062827,3819
062901,3820
062903,3821
062905,3822
062907,3823
062909,3824
062911,3825
062913,3826
062917,3827
062919,3828
062921,3829
062923,3830
062924,3831
062925,3832
062926,3833
062927,3834
063001,3835
063003,3836
063005,3837
063007,3838
063009,3839
063011,3840
063013,3841
063015,3842
063019,3843
063021,3844
063023,3845
063025,3846
063026,3847
063027,3848
070101,3849
070103,3850
070104,3851
070105,3852
070107,3853
070109,3854
070111,3855
070113,3856
070115,3857
070117,3858
070119,3859
070121,3860
070123,3861
070125,3862
070126,3863
070127,3864
070128,3865
070201,3866
070203,3867
070205,3868
070207,3869
070209,3870
070211,3871
070213,3872
070215,3873
070301,3874
070303,3875
070304,3876
070305,3877
070307,3878
070309,3879
070311,3880
070313,3881
070315,3882
070317,3883
070319,3884
070321,3885
070323,3886
070325,3887
070326,3888
070327,3889
070328,3890
070401,3891
070403,3892
070405,3893
070407,3894
070409,3895
070411,3896
070413,3897
070415,3898
070501,3899
070503,3900
070504,3901
070505,3902
070507,3903
070509,3904
070511,3905
070513,3906
070515,3907
070517,3908
070519,3909
070521,3910
070523,3911
070525,3912
070526,3913
070527,3914
070528,3915
070601,3916
070603,3917
070605,3918
070607,3919
070609,3920
070611,3921
070613,3922
070615,3923
070701,3924
070703,3925
070704,3926
070705,3927
070707,3928
070709,3929
070711,3930
070713,3931
070715,3932
070717,3933
070719,3934
070721,3935
070723,3936
070725,3937
070726,3938
070727,3939
070728,3940
070801,3941
070803,3942
070805,3943
070807,3944
070809,3945
070811,3946
070813,3947
070815,3948
070901,3949
070903,3950
070904,3951
070905,3952
070907,3953
070909,3954
070911,3955
070913,3956
070915,3957
070917,3958
070919,3959
070921,3960
070923,3961
070925,3962
070926,3963
070927,3964
070928,3965
071001,3966
071003,3967
071005,3968
071007,3969
071009,3970
071011,3971
071013,3972
071015,3973
071101,3974
071103,3975
071104,3976
071105,3977
071107,3978
071109,3979
071111,3980
071113,3981
071115,3982
071117,3983
071119,3984
071121,3985
071123,3986
071125,3987
071126,3988
071127,3989
071128,3990
071201,3991
071203,3992
071205,3993
071207,3994
071209,3995
071211,3996
071213,3997
071215,3998
071301,3999
071303,4000
071304,4001
071305,4002
071307,4003
071309,4004
071311,4005
071313,4006
071315,4007
071317,4008
071319,4009
071321,4010
071323,4011
071325,4012
071326,4013
071327,4014
071328,4015
071401,4016
071403,4017
071405,4018
071407,4019
071409,4020
071411,4021
071413,4022
071415,4023
071501,4024
071503,4025
071504,4026
071505,4027
071507,4028
071509,4029
071511,4030
071513,4031
071515,4032
071517,4033
071519,4034
071521,4035
071523,4036
071525,4037
071526,4038
071527,4039
071528,4040
071601,4041
071603,4042
071605,4043
071607,4044
071609,4045
071611,4046
071613,4047
071615,4048
071701,4049
071703,4050
071705,4051
071707,4052
071709,4053
071711,4054
071713,4055
071715,4056
071717,4057
071719,4058
071721,4059
071723,4060
071724,4061
071725,4062
071726,4063
071727,4064
071801,4065
071803,4066
071805,4067
071807,4068
071809,4069
071811,4070
071813,4071
071815,4072
071901,4073
071903,4074
071905,4075
071907,4076
071909,4077
071911,4078
071913,4079
071915,4080
071917,4081
071919,4082
071921,4083
071923,4084
071924,4085
071925,4086
071926,4087
071927,4088
072001,4089
072003,4090
072005,4091
072007,4092
072009,4093
072011,4094
072013,4095
072015,4096
072101,4097
072103,4098
072105,4099
072107,4100
072109,4101
072111,4102
072113,4103
072115,4104
072117,4105
072119,4106
072121,4107
072123,4108
072124,4109
072125,4110
072126,4111
072127,4112
072201,4113
072203,4114
072205,4115
072207,4116
072209,4117
072211,4118
072213,4119
072215,4120
072301,4121
072303,4122
072305,4123
072307,4124
072309,4125
072311,4126
072313,4127
072315,4128
072317,4129
072319,4130
072321,4131
072323,4132
072324,4133
072325,4134
072326,4135
072327,4136
072401,4137
072403,4138
072405,4139
072407,4140
072409,4141
072411,4142
072413,4143
072415,4144
072501,4145
072503,4146
072505,4147
072507,4148
072509,4149
072511,4150
072513,4151
072515,4152
072517,4153
072519,4154
072521,4155
072523,4156
072525,4157
072526,4158
072527,4159
072601,4160
072603,4161
072605,4162
072607,4163
072609,4164
072611,4165
072613,4166
072615,4167
072701,4168
072703,4169
072705,4170
072707,4171
072709,4172
072711,4173
072713,4174
072715,4175
072717,4176
072719,4177
072721,4178
072723,4179
072724,4180
072725,4181
072726,4182
072727,4183
072801,4184
072803,4185
072805,4186
072807,4187
072809,4188
072811,4189
072813,4190
072815,4191
072901,4192
072903,4193
072905,4194
072907,4195
072909,4196
072911,4197
072913,4198
072915,4199
072917,4200
072919,4201
072921,4202
072923,4203
072924,4204
072925,4205
072926,4206
072927,4207
073001,4208
073003,4209
073005,4210
073007,4211
073009,4212
073011,4213
073013,4214
073015,4215
080101,4216
080103,4217
080105,4218
080107,4219
080109,4220
080111,4221
080113,4222
080115,4223
080201,4224
080203,4225
080205,4226
080207,4227
080209,4228
080211,4229
080213,4230
080215,4231
080301,4232
080303,4233
080305,4234
080307,4235
080309,4236
080311,4237
080313,4238
080315,4239
080401,4240
080403,4241
080405,4242
080407,4243
080409,4244
080411,4245
080413,4246
080415,4247
080501,4248
080503,4249
080505,4250
080507,4251
080509,4252
080511,4253
080513,4254
080515,4255
080601,4256
080603,4257
080605,4258
080607,4259
080609,4260
080611,4261
080613,4262
080615,4263
080701,4264
080703,4265
080705,4266
080707,4267
080709,4268
080711,4269
080713,4270
080715,4271
080801,4272
080803,4273
080805,4274
080807,4275
080809,4276
080811,4277
080813,4278
080815,4279
080901,4280
080903,4281
080905,4282
080907,4283
080909,4284
080911,4285
080913,4286
080915,4287
081001,4288
081003,4289
081005,4290
081007,4291
081009,4292
081011,4293
081013,4294
081015,4295
081101,4296
081103,4297
081105,4298
081107,4299
081109,4300
081111,4301
081113,4302
081115,4303
081201,4304
081203,4305
081205,4306
081207,4307
081209,4308
081211,4309
081213,4310
081215,4311
081301,4312
081303,4313
081305,4314
081307,4315
081309,4316
081311,4317
081313,4318
081315,4319
081401,4320
081403,4321
081405,4322
081407,4323
081409,4324
081411,4325
081413,4326
081415,4327
081501,4328
081503,4329
081505,4330
081507,4331
081509,4332
081511,4333
081513,4334
081515,4335
081601,4336
081603,4337
081605,4338
081607,4339
081609,4340
081611,4341
081613,4342
081615,4343
081701,4344
081703,4345
081705,4346
081707,4347
081709,4348
081711,4349
081713,4350
081715,4351
081801,4352
081803,4353
081805,4354
081807,4355
081809,4356
081811,4357
081813,4358
081815,4359
081901,4360
081903,4361
081905,4362
081907,4363
081909,4364
081911,4365
081913,4366
081915,4367
082001,4368
082003,4369
082005,4370
082007,4371
082009,4372
082011,4373
082013,4374
082015,4375
082101,4376
082103,4377
082105,4378
082107,4379
082109,4380
082111,4381
082113,4382
082115,4383
082201,4384
082203,4385
082205,4386
082207,4387
082209,4388
082211,4389
082213,4390
082215,4391
082301,4392
082303,4393
082305,4394
082307,4395
082309,4396
082311,4397
082313,4398
082315,4399
082401,4400
082403,4401
082405,4402
082407,4403
082409,4404
082411,4405
082413,4406
082415,4407
082501,4408
082503,4409
082505,4410
082507,4411
082509,4412
082511,4413
082513,4414
082515,4415
082601,4416
082603,4417
082605,4418
082607,4419
082609,4420
082611,4421
082613,4422
082615,4423
082701,4424
082703,4425
082705,4426
082707,4427
082709,4428
082711,4429
082713,4430
082715,4431
082801,4432
082803,4433
082805,4434
082807,4435
082809,4436
082811,4437
082813,4438
082815,4439
082901,4440
082903,4441
082905,4442
082907,4443
082909,4444
082911,4445
082913,4446
082915,4447
083001,4448
083003,4449
083005,4450
083007,4451
083009,4452
083011,4453
083013,4454
083015,4455
090101,4456
090103,4457
090105,4458
090107,4459
090109,4460
090111,4461
090113,4462
090115,4463
090117,4464
090131,4465
090132,4466
090133,4467
090134,4468
090135,4469
090136,4470
090137,4471
090138,4472
090139,4473
090201,4474
090202,4475
090203,4476
090204,4477
090205,4478
090207,4479
090209,4480
090211,4481
090213,4482
090215,4483
090301,4484
090303,4485
090305,4486
090307,4487
090309,4488
090311,4489
090313,4490
090315,4491
090317,4492
090331,4493
090332,4494
090333,4495
090334,4496
090335,4497
090336,4498
090339,4499
090401,4500
090402,4501
090403,4502
090404,4503
090405,4504
090407,4505
090409,4506
090411,4507
090413,4508
090415,4509
090501,4510
090503,4511
090505,4512
090507,4513
090509,4514
090511,4515
090513,4516
090515,4517
090601,4518
090602,4519
090603,4520
090605,4521
090607,4522
090609,4523
090611,4524
090613,4525
090615,4526
090701,4527
090703,4528
090705,4529
090707,4530
090709,4531
090711,4532
090713,4533
090715,4534
090801,4535
090802,4536
090803,4537
090805,4538
090807,4539
090809,4540
090811,4541
090813,4542
090815,4543
090901,4544
090903,4545
090905,4546
090907,4547
090909,4548
090911,4549
090913,4550
090915,4551
091001,4552
091002,4553
091003,4554
091005,4555
091007,4556
091009,4557
091011,4558
091013,4559
091015,4560
091101,4561
091103,4562
091105,4563
091107,4564
091109,4565
091111,4566
091113,4567
091115,4568
091201,4569
091202,4570
091203,4571
091205,4572
091207,4573
091209,4574
091211,4575
091213,4576
091215,4577
091301,4578
091303,4579
091305,4580
091307,4581
091309,4582
091311,4583
091313,4584
091315,4585
091401,4586
091403,4587
091405,4588
091407,4589
091409,4590
091411,4591
091413,4592
091415,4593
091501,4594
091503,4595
091505,4596
091507,4597
091509,4598
091511,4599
091513,4600
091515,4601
091601,4602
091603,4603
091605,4604
091607,4605
091609,4606
091611,4607
091613,4608
091615,4609
091701,4610
091703,4611
091705,4612
091707,4613
091709,4614
091711,4615
091713,4616
091715,4617
091801,4618
091803,4619
091805,4620
091807,4621
091809,4622
091811,4623
091813,4624
091815,4625
091901,4626
091903,4627
091905,4628
091907,4629
091909,4630
091911,4631
091913,4632
091915,4633
092001,4634
092003,4635
092005,4636
092007,4637
092009,4638
092011,4639
092013,4640
092015,4641
092101,4642
092103,4643
092105,4644
092107,4645
092109,4646
092111,4647
092113,4648
092115,4649
092201,4650
092203,4651
092205,4652
092207,4653
092209,4654
092211,4655
092213,4656
092215,4657
092301,4658
092303,4659
092305,4660
092307,4661
092309,4662
092311,4663
092313,4664
092315,4665
092401,4666
092403,4667
092405,4668
092407,4669
092409,4670
092411,4671
092413,4672
092415,4673
092501,4674
092503,4675
092505,4676
092507,4677
092509,4678
092511,4679
092513,4680
092515,4681
092601,4682
092603,4683
092605,4684
092607,4685
092609,4686
092611,4687
092613,4688
092615,4689
092701,4690
092703,4691
092705,4692
092707,4693
092709,4694
092711,4695
092713,4696
092715,4697
092801,4698
092803,4699
092805,4700
092807,4701
092809,4702
092811,4703
092813,4704
092815,4705
092901,4706
092903,4707
092905,4708
092907,4709
092909,4710
092911,4711
092913,4712
092915,4713
093001,4714
093003,4715
093005,4716
093007,4717
093009,4718
093011,4719
093013,4720
093015,4721
100101,4722
100103,4723
100105,4724
100107,4725
100109,4726
100111,4727
100113,4728
100115,4729
100201,4730
100203,4731
100205,4732
100207,4733
100209,4734
100211,4735
100213,4736
100215,4737
100301,4738
100303,4739
100305,4740
100307,4741
100309,4742
100311,4743
100313,4744
100315,4745
100401,4746
100403,4747
100405,4748
100407,4749
100409,4750
100411,4751
100413,4752
100415,4753
100501,4754
100503,4755
100505,4756
100507,4757
100509,4758
100511,4759
100513,4760
100515,4761
100601,4762
100603,4763
100605,4764
100607,4765
100609,4766
100611,4767
100613,4768
100615,4769
100701,4770
100703,4771
100705,4772
100707,4773
100709,4774
100711,4775
100713,4776
100715,4777
100801,4778
100803,4779
100805,4780
100807,4781
100809,4782
100811,4783
100813,4784
100815,4785
100901,4786
100903,4787
100905,4788
100907,4789
100909,4790
100911,4791
100913,4792
100915,4793
101001,4794
101003,4795
101005,4796
101007,4797
101009,4798
101011,4799
101013,4800
101015,4801
101101,4802
101103,4803
101105,4804
101107,4805
101109,4806
101111,4807
101113,4808
101115,4809
101201,4810
101203,4811
101205,4812
101207,4813
101209,4814
101211,4815
101213,4816
101215,4817
101301,4818
101303,4819
101305,4820
101307,4821
101309,4822
101311,4823
101313,4824
101315,4825
101401,4826
101403,4827
101405,4828
101407,4829
101409,4830
101411,4831
101413,4832
101415,4833
101501,4834
101503,4835
101505,4836
101507,4837
101509,4838
101511,4839
101513,4840
101515,4841
101601,4842
101603,4843
101605,4844
101607,4845
101609,4846
101611,4847
101613,4848
101615,4849
101701,4850
101703,4851
101705,4852
101707,4853
101709,4854
101711,4855
101713,4856
101715,4857
101801,4858
101803,4859
101805,4860
101807,4861
101809,4862
101811,4863
101813,4864
101815,4865
101901,4866
101903,4867
101905,4868
101907,4869
101909,4870
101911,4871
101913,4872
101915,4873
102001,4874
102003,4875
102005,4876
102007,4877
102009,4878
102011,4879
102013,4880
102015,4881
102101,4882
102103,4883
102105,4884
102107,4885
102109,4886
102111,4887
102113,4888
102115,4889
102201,4890
102203,4891
102205,4892
102207,4893
102209,4894
102211,4895
102213,4896
102215,4897
102301,4898
102303,4899
102305,4900
102307,4901
102309,4902
102311,4903
102313,4904
102315,4905
102401,4906
102403,4907
102405,4908
102407,4909
102409,4910
102411,4911
102413,4912
102415,4913
102501,4914
102503,4915
102505,4916
102507,4917
102509,4918
102511,4919
102513,4920
102515,4921
102601,4922
102603,4923
102605,4924
102607,4925
102609,4926
102611,4927
102613,4928
102615,4929
102701,4930
102703,4931
102705,4932
102707,4933
102709,4934
102711,4935
102713,4936
102715,4937
102801,4938
102803,4939
102805,4940
102807,4941
102809,4942
102811,4943
102813,4944
102815,4945
102901,4946
102903,4947
102905,4948
102907,4949
102909,4950
102911,4951
102913,4952
102915,4953
103001,4954
103003,4955
103005,4956
103007,4957
103009,4958
103011,4959
103013,4960
103015,4961
110101,4962
110103,4963
110105,4964
110107,4965
110109,4966
110111,4967
110113,4968
110115,4969
110201,4970
110203,4971
110205,4972
110207,4973
110209,4974
110211,4975
110213,4976
110215,4977
110301,4978
110303,4979
110305,4980
110307,4981
110309,4982
110311,4983
110313,4984
110315,4985
110401,4986
110403,4987
110405,4988
110407,4989
110409,4990
110411,4991
110413,4992
110415,4993
110501,4994
110503,4995
110505,4996
110507,4997
110509,4998
110511,4999
110513,5000
110515,5001
110601,5002
110603,5003
110605,5004
110607,5005
110609,5006
110611,5007
110613,5008
110615,5009
110701,5010
110703,5011
110705,5012
110707,5013
110709,5014
110711,5015
110713,5016
110715,5017
110801,5018
110803,5019
110805,5020
110807,5021
110809,5022
110811,5023
110813,5024
110815,5025
110901,5026
110903,5027
110905,5028
110907,5029
110909,5030
110911,5031
110913,5032
110915,5033
111001,5034
111003,5035
111005,5036
111007,5037
111009,5038
111011,5039
111013,5040
111015,5041
111101,5042
111103,5043
111105,5044
111107,5045
111109,5046
111111,5047
111113,5048
111115,5049
111201,5050
111203,5051
111205,5052
111207,5053
111209,5054
111211,5055
111213,5056
111215,5057
111301,5058
111303,5059
111305,5060
111307,5061
111309,5062
111311,5063
111313,5064
111315,5065
111401,5066
111403,5067
111405,5068
111407,5069
111409,5070
111411,5071
111413,5072
111415,5073
111501,5074
111503,5075
111505,5076
111507,5077
111509,5078
111511,5079
111513,5080
111515,5081
111601,5082
111603,5083
111605,5084
111607,5085
111609,5086
111611,5087
111613,5088
111615,5089
111701,5090
111703,5091
111705,5092
111707,5093
111709,5094
111711,5095
111713,5096
111715,5097
111801,5098
111803,5099
111805,5100
111807,5101
111809,5102
111811,5103
111813,5104
111815,5105
111901,5106
111903,5107
111905,5108
111907,5109
111909,5110
111911,5111
111913,5112
111915,5113
112001,5114
112003,5115
112005,5116
112007,5117
112009,5118
112011,5119
112013,5120
112015,5121
112101,5122
112103,5123
112105,5124
112107,5125
112109,5126
112111,5127
112113,5128
112115,5129
112201,5130
112203,5131
112205,5132
112207,5133
112209,5134
112211,5135
112213,5136
112215,5137
112301,5138
112303,5139
112305,5140
112307,5141
112309,5142
112311,5143
112313,5144
112315,5145
112401,5146
112403,5147
112405,5148
112407,5149
112409,5150
112411,5151
112413,5152
112415,5153
112501,5154
112503,5155
112505,5156
112507,5157
112509,5158
112511,5159
112513,5160
112515,5161
112601,5162
112603,5163
112605,5164
112607,5165
112609,5166
112611,5167
112613,5168
112615,5169
112701,5170
112703,5171
112705,5172
112707,5173
112709,5174
112711,5175
112713,5176
112715,5177
112801,5178
112803,5179
112805,5180
112807,5181
112809,5182
112811,5183
112813,5184
112815,5185
112901,5186
112903,5187
112905,5188
112907,5189
112909,5190
112911,5191
112913,5192
112915,5193
113001,5194
113003,5195
113005,5196
113007,5197
113009,5198
113011,5199
113013,5200
113015,5201
400201,5202
400203,5203
400205,5204
400207,5205
400209,5206
400211,5207
400401,5208
400403,5209
400405,5210
400407,5211
400409,5212
400411,5213
400601,5214
400603,5215
400605,5216
400607,5217
400609,5218
400611,5219
400801,5220
400803,5221
400805,5222
400807,5223
400809,5224
400811,5225
401001,5226
401003,5227
401005,5228
401007,5229
401009,5230
401011,5231
401201,5232
401203,5233
401205,5234
401207,5235
401209,5236
401211,5237
401401,5238
401403,5239
401405,5240
401407,5241
401409,5242
401411,5243
401601,5244
401603,5245
401605,5246
401607,5247
401609,5248
401611,5249
401801,5250
401803,5251
401805,5252
401807,5253
401809,5254
401811,5255
402001,5256
402003,5257
402005,5258
402007,5259
402009,5260
402011,5261
402201,5262
402203,5263
402205,5264
402207,5265
402209,5266
402211,5267
402401,5268
402403,5269
402405,5270
402407,5271
402409,5272
402411,5273
402601,5274
402603,5275
402605,5276
402607,5277
402609,5278
402611,5279
402801,5280
402803,5281
402805,5282
402807,5283
402809,5284
402811,5285
403001,5286
403003,5287
403005,5288
403007,5289
403009,5290
403011,5291
403201,5292
403203,5293
403205,5294
403207,5295
403209,5296
403211,5297
500101,5298
500103,5299
500105,5300
500107,5301
500109,5302
500111,5303
500201,5304
500203,5305
500205,5306
500207,5307
500209,5308
500211,5309
500301,5310
500303,5311
500305,5312
500307,5313
500309,5314
500311,5315
500401,5316
500403,5317
500405,5318
500407,5319
500409,5320
500411,5321
500501,5322
500503,5323
500505,5324
500507,5325
500509,5326
500511,5327
500601,5328
500603,5329
500605,5330
500607,5331
500609,5332
500611,5333
500701,5334
500703,5335
500705,5336
500707,5337
500709,5338
500711,5339
500801,5340
500803,5341
500805,5342
500807,5343
500809,5344
500811,5345
500901,5346
500903,5347
500905,5348
500907,5349
500909,5350
500911,5351
501001,5352
501003,5353
501005,5354
501007,5355
501009,5356
501011,5357
501101,5358
501103,5359
501105,5360
501107,5361
501109,5362
501111,5363
501201,5364
501203,5365
501205,5366
501207,5367
501209,5368
501211,5369
501301,5370
501303,5371
501305,5372
501307,5373
501309,5374
501311,5375
501401,5376
501403,5377
501405,5378
501407,5379
501409,5380
501411,5381
501501,5382
501503,5383
501505,5384
501507,5385
501509,5386
501511,5387
501601,5388
501603,5389
501605,5390
501607,5391
501609,5392
501611,5393
501701,5394
501703,5395
501705,5396
501707,5397
501709,5398
501711,5399
501801,5400
501803,5401
501805,5402
501807,5403
501809,5404
501811,5405
501901,5406
501903,5407
501905,5408
501907,5409
501909,5410
501911,5411
502001,5412
502003,5413
502005,5414
502007,5415
502009,5416
502011,5417
502101,5418
502103,5419
502105,5420
502107,5421
502109,5422
502111,5423
502201,5424
502203,5425
502205,5426
502207,5427
502209,5428
502211,5429
502301,5430
502303,5431
502305,5432
502307,5433
502309,5434
502311,5435
502401,5436
502403,5437
502405,5438
502407,5439
502409,5440
502411,5441
502501,5442
502503,5443
502505,5444
502507,5445
502509,5446
502511,5447
502601,5448
502603,5449
502605,5450
502607,5451
502609,5452
502611,5453
502701,5454
502703,5455
502705,5456
502707,5457
502709,5458
502711,5459
502801,5460
502803,5461
502805,5462
502807,5463
502809,5464
502811,5465
502901,5466
502903,5467
502905,5468
502907,5469
502909,5470
502911,5471
503001,5472
503003,5473
503005,5474
503007,5475
503009,5476
503011,5477
503101,5478
503103,5479
503105,5480
503107,5481
503109,5482
503111,5483
600101,5484
600103,5485
600105,5486
600107,5487
600109,5488
600111,5489
600201,5490
600203,5491
600205,5492
600207,5493
600209,5494
600211,5495
600301,5496
600303,5497
600305,5498
600307,5499
600309,5500
600311,5501
600401,5502
600403,5503
600405,5504
600407,5505
600409,5506
600411,5507
600501,5508
600503,5509
600505,5510
600507,5511
600509,5512
600511,5513
600601,5514
600603,5515
600605,5516
600607,5517
600609,5518
600611,5519
600701,5520
600703,5521
600705,5522
600707,5523
600709,5524
600711,5525
600801,5526
600803,5527
600805,5528
600807,5529
600809,5530
600811,5531
600901,5532
600903,5533
600905,5534
600907,5535
600909,5536
600911,5537
601001,5538
601003,5539
601005,5540
601007,5541
601009,5542
601011,5543
601101,5544
601103,5545
601105,5546
601107,5547
601109,5548
601111,5549
601201,5550
601203,5551
601205,5552
601207,5553
601209,5554
601211,5555
601301,5556
601303,5557
601305,5558
601307,5559
601309,5560
601311,5561
601401,5562
601403,5563
601405,5564
601407,5565
601409,5566
601411,5567
601501,5568
601503,5569
601505,5570
601507,5571
601509,5572
601511,5573
601601,5574
601603,5575
601605,5576
601607,5577
601609,5578
601611,5579
601701,5580
601703,5581
601705,5582
601707,5583
601709,5584
601711,5585
601801,5586
601803,5587
601805,5588
601807,5589
601809,5590
601811,5591
601901,5592
601903,5593
601905,5594
601907,5595
601909,5596
601911,5597
602001,5598
602003,5599
602005,5600
602007,5601
602009,5602
602011,5603
602101,5604
602103,5605
602105,5606
602107,5607
602109,5608
602111,5609
602201,5610
602203,5611
602205,5612
602207,5613
602209,5614
602211,5615
602301,5616
602303,5617
602305,5618
602307,5619
602309,5620
602311,5621
602401,5622
602403,5623
602405,5624
602407,5625
602409,5626
602411,5627
602501,5628
602503,5629
602505,5630
602507,5631
602509,5632
602511,5633
602601,5634
602603,5635
602605,5636
602607,5637
602609,5638
602611,5639
602701,5640
602703,5641
602705,5642
602707,5643
602709,5644
602711,5645
602801,5646
602803,5647
602805,5648
602807,5649
602809,5650
602811,5651
602901,5652
602903,5653
602905,5654
602907,5655
602909,5656
602911,5657
603001,5658
603003,5659
603005,5660
603007,5661
603009,5662
603011,5663
FLOOR01,5664
FLOOR02,5665
FLOOR03,5666
FLOOR04,5667
SORT01,5668
